[{"id":"unidade-de-atendimento","uri":"features/spec/BDD_Freury.feature","keyword":"Funcionalidade","name":"Unidade de atendimento","description":"Como usuário, gostaria de realizar consultas das Unidades de atendimento \nPara que eu possar visualizar as 'Unidades Próximas' e disponíveis para Atendimento na minha região","line":3,"elements":[{"id":"unidade-de-atendimento;validar-a-apresentação-dos-nomes-das-unidades-disponíveis-para-atendimento","keyword":"Cenário","name":"Validar a apresentação dos nomes das unidades disponíveis para atendimento","description":"","line":10,"type":"scenario","tags":[{"name":"@unidades_por_facilidades","line":9},{"name":"@uma_facilidade","line":9}],"before":[{"match":{"location":"capybara-3.33.0/lib/capybara/cucumber.rb:14"},"result":{"status":"passed","duration":31500}},{"match":{"location":"capybara-3.33.0/lib/capybara/cucumber.rb:22"},"result":{"status":"passed","duration":21700}},{"match":{"location":"features/support/hooks.rb:3"},"result":{"status":"passed","duration":15400}}],"steps":[{"keyword":"Dado ","name":"que eu esteja no site do Fleury na tela de Unidades","line":11,"match":{"location":"features/step_definitions/BDD_Freury_step.rb:1"},"result":{"status":"passed","duration":3882832200},"after":[{"match":{"location":"features/support/hooks.rb:30"},"result":{"status":"passed","duration":15500}}]},{"keyword":"Quando ","name":"realizo o filtro pela facilidade \"Acessibilidade\"","line":12,"match":{"location":"features/step_definitions/BDD_Freury_step.rb:8"},"result":{"status":"passed","duration":614636400},"after":[{"match":{"location":"features/support/hooks.rb:30"},"result":{"status":"passed","duration":10200}}]},{"keyword":"Então ","name":"devo visualizar as Unidades Próximas disponíveis para Atendimento com a facilidade selecionada","line":13,"match":{"location":"features/step_definitions/BDD_Freury_step.rb:14"},"result":{"status":"passed","duration":45736800},"after":[{"match":{"location":"features/support/hooks.rb:30"},"result":{"status":"passed","duration":9700}}]},{"keyword":"E ","name":"visualizo o detalhe da primeira unidade exibida","line":14,"match":{"location":"features/step_definitions/BDD_Freury_step.rb:18"},"result":{"status":"passed","duration":652377800},"after":[{"match":{"location":"features/support/hooks.rb:30"},"result":{"status":"passed","duration":10300}}]}],"after":[{"match":{"location":"features/support/hooks.rb:13"},"result":{"status":"passed","duration":507855100}},{"match":{"location":"capybara-3.33.0/lib/capybara/cucumber.rb:10"},"result":{"status":"passed","duration":181415900}}]}]}]